Mutation.Type	mean_breast	median_breast	sd_breast	total_breast
A[C>A]A	70.57142857142857	48	65.04100029310997	8398
A[C>A]C	60.94957983193277	39	51.02422966134645	7253
A[C>A]G	8.747899159663865	7	6.8916782136076655	1041
A[C>A]T	54.87394957983193	33	50.54290921144882	6530
A[C>G]A	46.445378151260506	22	45.24691158652159	5527
A[C>G]C	28.51260504201681	17	24.791286586497943	3393
A[C>G]G	11.159663865546218	6	13.038393886529638	1328
A[C>G]T	47.66386554621849	23	47.46564811558583	5672
A[C>T]A	78.67226890756302	57	55.09531175165288	9362
A[C>T]C	40.66386554621849	33	24.169345099899587	4839
A[C>T]G	109.99159663865547	103	46.74588639534787	13089
A[C>T]T	57.80672268907563	40	46.01147191345638	6879
A[T>A]A	32.18487394957983	22	28.892837182424255	3830
A[T>A]C	32.35294117647059	26	20.5857397718454	3850
A[T>A]G	34.42857142857143	26	27.081037029367177	4097
A[T>A]T	53.80672268907563	38	41.84905833153247	6403
A[T>C]A	74.27731092436974	58	47.51537206565997	8839
A[T>C]C	31.689075630252102	21	24.205598140547753	3771
A[T>C]G	50.714285714285715	38	32.74325984649823	6035
A[T>C]T	72.77310924369748	56	46.910740516899715	8660
A[T>G]A	19.142857142857142	13	15.732555964981769	2278
A[T>G]C	9.764705882352942	7	7.573040813208681	1162
A[T>G]G	22.008403361344538	12	21.724584136496553	2619
A[T>G]T	22.310924369747898	17	18.20446392414284	2655
C[C>A]A	68.16806722689076	41	58.23699670497938	8112
C[C>A]C	51.3109243697479	26	49.5509920369932	6106
C[C>A]G	8.857142857142858	6	7.398219797649578	1054
C[C>A]T	56.983193277310924	29	53.75493405706381	6781
C[C>G]A	35.50420168067227	18	36.480520446215905	4225
C[C>G]C	28.50420168067227	15	27.11772012740255	3392
C[C>G]G	10.974789915966387	7	11.105398126147321	1306
C[C>G]T	47.529411764705884	24	46.66320430587386	5656
C[C>T]A	71.73949579831933	56	70.20037449618515	8537
C[C>T]C	52.63025210084034	44	29.637889614197633	6263
C[C>T]G	72.45378151260505	67	35.13575317014301	8622
C[C>T]T	76.60504201680672	59	55.02868566074487	9116
C[T>A]A	24.50420168067227	14	23.584997367825515	2916
C[T>A]C	34.51260504201681	21	31.997051121070218	4107
C[T>A]G	32.21848739495798	19	30.37928589107977	3834
C[T>A]T	42.9327731092437	20	46.53115069088207	5109
C[T>C]A	31.369747899159663	20	26.281676785960006	3733
C[T>C]C	37.3109243697479	23	35.530065544730924	4440
C[T>C]G	34.747899159663866	24	26.015386088729826	4135
C[T>C]T	42.72268907563025	25	37.31154326082214	5084
C[T>G]A	12.655462184873949	8	12.001014769798168	1506
C[T>G]C	15.588235294117647	10	13.16544769315182	1855
C[T>G]G	25.243697478991596	13	24.927680613909136	3004
C[T>G]T	33.12605042016807	19	37.27873811738475	3942
G[C>A]A	52.9327731092437	43	39.87495945323628	6299
G[C>A]C	37.15966386554622	24	29.79989284285058	4422
G[C>A]G	7.5210084033613445	7	4.370255276055951	895
G[C>A]T	40.63025210084034	28	34.54740431423409	4835
G[C>G]A	23.084033613445378	14	22.112416878357067	2747
G[C>G]C	22.764705882352942	15	20.615407222636538	2709
G[C>G]G	9.008403361344538	4	11.699989713394963	1072
G[C>G]T	32.60504201680672	17	33.42312669532042	3880
G[C>T]A	59.3109243697479	45	40.27968910285981	7058
G[C>T]C	48.87394957983193	43	26.552651443413374	5816
G[C>T]G	82.07563025210084	72	39.28646630814194	9767
G[C>T]T	50.924369747899156	39	32.72824925637715	6060
G[T>A]A	18.73109243697479	11	17.774814346925098	2229
G[T>A]C	18.319327731092436	13	14.64259677182263	2180
G[T>A]G	21.80672268907563	14	18.649431904340954	2595
G[T>A]T	28.537815126050422	16	28.358417252804777	3396
G[T>C]A	35.252100840336134	27	23.14443173044735	4195
G[T>C]C	23.613445378151262	18	16.19850863803725	2810
G[T>C]G	27.04201680672269	22	17.808489195421494	3218
G[T>C]T	38.64705882352941	30	24.499598141046757	4599
G[T>G]A	12.521008403361344	7	12.919469435697767	1490
G[T>G]C	12.596638655462185	7	13.671273438095335	1499
G[T>G]G	54.7563025210084	23	91.39409601398106	6516
G[T>G]T	23.722689075630253	15	24.17377917263357	2823
T[C>A]A	126.09243697478992	65	210.37657888252653	15005
T[C>A]C	79.65546218487395	56	85.34609867413239	9479
T[C>A]G	11.201680672268907	8	11.668136992691528	1333
T[C>A]T	114.78151260504201	81	124.86386890135462	13659
T[C>G]A	317.781512605042	74	1078.8882237360535	37816
T[C>G]C	97.88235294117646	39	213.714730521493	11648
T[C>G]G	15.336134453781513	6	34.60730727945054	1825
T[C>G]T	429.56302521008405	132	1353.4290639570484	51118
T[C>T]A	516.781512605042	132	1906.675952842235	61497
T[C>T]C	149.6638655462185	72	352.0594199970508	17810
T[C>T]G	87.60504201680672	54	162.23054418292523	10425
T[C>T]T	284.74789915966386	96	950.4068283090123	33885
T[T>A]A	48.831932773109244	33	41.83043238303155	5811
T[T>A]C	26.159663865546218	16	22.873633401163048	3113
T[T>A]G	18.722689075630253	12	16.366006713870025	2228
T[T>A]T	54.72268907563025	30	49.936047977616774	6512
T[T>C]A	42.016806722689076	31	30.034156598744712	5000
T[T>C]C	36.436974789915965	26	27.13763996066999	4336
T[T>C]G	24.41176470588235	19	16.604783752569357	2905
T[T>C]T	48.51260504201681	38	32.4300722405783	5773
T[T>G]A	21.26890756302521	14	18.49447809436396	2531
T[T>G]C	15.403361344537815	10	12.630551692750354	1833
T[T>G]G	26.48739495798319	16	25.195125149358525	3152
T[T>G]T	46.57983193277311	31	37.05481413823271	5543
