Mutation.Type	LFS_MB1	LFS_MB2	LFS_MB4	MB1	MB101	MB102	MB104	MB106	MB107	MB108	MB110	MB112	MB113	MB114	MB115	MB117	MB119	MB12	MB121	MB122	MB124	MB125	MB126	MB127	MB128	MB129	MB130	MB131	MB132	MB134	MB139	MB15	MB16	MB17	MB18	MB19	MB2	MB20	MB21	MB23	MB24	MB26	MB28	MB3	MB31	MB32	MB34	MB35	MB36	MB37	MB38	MB39	MB40	MB45	MB46	MB49	MB5	MB50	MB51	MB518	MB53	MB56	MB57	MB58	MB59	MB6	MB60	MB61	MB612	MB63	MB64	MB66	MB67	MB69	MB7	MB70	MB74	MB75	MB77	MB78	MB79	MB8	MB800	MB81	MB82	MB83	MB84	MB85	MB86	MB88	MB89	MB9	MB90	MB91	MB92	MB94	MB95	MB96	MB98	MB99
A[C>A]A	45	23	24	6	82	43	43	4	32	10	80	19	17	13	12	19	0	1	12	19	30	56	70	48	234	20	16	19	8	15	9	9	7	15	20	19	3	14	2	49	3	6	0	17	33	10	71	3	38	1	12	3	1	35	20	4	14	25	6	30	37	56	11	14	33	20	17	54	7	33	16	31	14	39	11	27	41	38	32	65	27	9	19	85	32	14	13	2	7	7	10	6	6	11	53	45	2	8	13	9
A[C>A]C	34	23	24	7	73	21	23	2	25	6	68	17	18	8	7	19	3	3	6	20	25	41	71	24	199	10	15	17	4	17	5	7	3	6	12	8	5	9	1	47	4	13	0	20	27	11	72	3	16	2	10	1	2	42	11	8	7	20	5	20	18	29	5	28	31	10	20	36	5	19	7	21	9	44	10	15	38	32	24	45	26	6	12	71	26	6	18	3	6	2	7	6	4	8	38	23	3	7	17	8
A[C>A]G	3	1	2	2	7	4	8	1	2	0	4	3	4	1	0	3	1	0	0	1	3	5	8	5	26	3	3	1	0	1	1	2	1	1	1	2	0	2	1	5	1	4	0	4	3	1	9	0	2	0	4	0	0	2	1	2	2	1	1	5	3	2	0	4	3	2	3	10	0	5	3	1	3	2	3	4	7	6	7	8	8	1	2	8	3	1	1	1	1	0	2	1	1	1	5	1	1	1	3	2
A[C>A]T	40	28	19	4	66	21	32	3	15	3	69	7	7	5	9	16	3	0	3	8	16	40	59	19	187	11	17	11	2	15	6	5	4	8	13	10	4	10	4	54	2	8	0	11	29	2	57	3	21	0	16	1	1	47	8	7	14	16	4	15	15	35	10	11	19	10	15	27	3	26	7	18	12	46	8	18	24	24	17	56	22	6	14	62	19	7	10	1	6	1	11	4	6	7	33	25	2	1	13	6
A[C>G]A	21	21	10	5	22	11	18	6	12	11	66	8	5	8	8	8	5	0	6	14	15	22	13	10	99	22	9	8	4	8	7	20	7	5	12	13	9	6	1	21	8	10	0	6	13	8	33	1	11	1	16	2	1	28	4	15	9	14	13	18	8	19	9	29	10	26	7	11	2	7	23	11	4	14	17	24	16	14	9	35	10	21	20	19	7	8	13	2	9	0	9	4	3	15	37	33	2	2	18	4
A[C>G]C	11	8	4	2	16	3	21	0	7	3	38	3	5	8	3	7	2	2	5	8	10	20	15	7	46	7	6	8	3	7	3	7	0	3	6	2	2	8	0	11	1	3	0	8	7	4	13	3	7	0	4	0	0	17	0	8	5	8	4	12	9	13	3	32	9	7	4	11	2	7	12	6	7	8	7	13	5	8	6	17	7	7	8	26	8	6	9	2	2	1	4	0	2	10	9	11	0	1	10	4
A[C>G]G	4	4	0	1	4	2	4	0	4	0	9	2	3	2	2	1	1	0	2	5	2	0	3	2	10	5	2	1	1	5	5	2	0	4	5	0	3	4	0	4	0	0	0	0	2	4	4	0	2	0	2	0	0	4	0	0	0	4	0	3	0	3	2	5	2	2	3	4	3	1	2	5	1	2	5	8	4	2	1	4	2	2	3	2	4	3	4	0	1	1	0	1	1	4	3	5	0	3	3	3
A[C>G]T	15	18	7	3	31	5	12	1	13	5	53	8	6	8	7	6	1	3	11	10	9	13	18	6	68	11	11	8	0	6	5	18	4	5	12	6	1	9	0	18	3	7	0	7	9	5	23	0	10	0	5	2	0	19	6	14	7	12	8	5	7	18	5	28	12	15	10	13	5	12	20	6	4	14	2	18	19	10	6	18	10	10	8	29	11	7	12	1	8	1	5	3	5	12	25	25	1	2	14	11
A[C>T]A	53	49	35	10	101	43	66	10	40	7	81	30	29	11	16	20	3	7	17	20	26	72	84	37	205	30	26	30	6	14	17	18	11	23	20	13	6	14	7	58	10	16	4	19	39	12	91	9	25	3	12	6	2	45	20	9	17	19	16	42	52	69	15	53	55	37	35	66	7	37	22	52	25	58	17	37	63	63	41	96	49	16	23	109	41	16	28	3	14	3	18	14	7	27	39	46	6	9	28	9
A[C>T]C	13	25	21	4	61	17	34	6	13	3	33	16	14	7	8	9	3	1	3	17	12	49	40	28	85	18	11	9	3	5	4	9	3	9	11	12	4	9	6	28	5	15	1	24	17	10	42	4	12	0	2	2	2	17	5	9	6	10	3	14	26	43	10	28	33	18	20	35	6	27	7	27	16	26	7	20	50	30	27	42	30	10	15	55	21	12	10	3	4	3	5	3	2	13	18	21	2	2	7	10
A[C>T]G	154	140	100	49	395	206	251	32	154	34	75	106	130	19	42	93	11	26	32	99	137	181	335	201	579	72	76	90	30	20	29	73	28	47	89	39	19	69	36	101	19	57	3	108	136	44	208	42	71	14	26	25	5	40	46	30	16	87	25	106	203	228	62	99	283	67	155	331	21	238	45	174	111	195	38	78	200	210	197	327	169	28	68	279	203	37	41	13	19	20	14	67	12	46	57	97	19	20	30	25
A[C>T]T	38	26	25	7	80	22	44	5	40	10	93	15	15	9	9	20	6	4	12	15	29	58	63	42	156	29	13	21	5	13	5	15	2	12	21	15	9	16	8	49	2	9	1	20	33	11	61	2	18	0	10	6	4	42	7	6	18	19	9	16	19	51	17	30	34	23	19	52	5	46	15	36	12	35	18	16	39	43	31	49	27	12	14	78	30	15	17	1	7	13	11	8	3	15	47	37	2	4	14	12
A[T>A]A	14	7	7	2	43	12	17	1	10	6	27	10	6	1	2	8	4	0	6	4	9	24	38	13	83	4	3	8	3	7	1	6	4	6	6	4	5	8	1	20	1	12	0	5	13	1	20	1	6	0	6	0	0	18	6	7	8	7	5	7	7	19	10	10	20	9	9	18	1	13	11	9	7	21	9	18	19	12	11	33	14	5	7	44	12	5	8	0	3	3	2	2	3	6	16	20	1	1	14	7
A[T>A]C	15	14	6	3	28	10	12	0	8	2	24	4	2	4	7	3	1	3	3	10	8	15	29	8	85	4	2	6	0	3	3	8	3	8	6	4	3	5	2	29	2	4	0	3	11	2	18	1	3	0	9	2	2	13	8	4	4	8	2	8	8	12	4	13	11	4	3	9	2	12	2	6	5	11	5	14	12	5	6	20	7	4	6	31	9	6	6	0	2	1	3	1	0	8	14	9	1	1	2	5
A[T>A]G	20	10	10	2	20	5	10	1	3	2	23	5	7	2	2	3	0	0	4	7	7	8	31	10	66	4	8	2	0	2	3	5	0	7	10	2	1	6	0	23	0	4	0	4	8	5	29	7	3	0	3	0	0	19	6	2	3	6	3	6	7	12	5	15	8	3	3	8	0	12	2	5	2	14	7	12	11	8	7	17	11	1	5	29	8	4	10	2	5	3	6	0	4	2	12	18	0	4	7	5
A[T>A]T	30	17	15	3	74	27	32	10	22	4	65	19	27	7	12	15	3	1	4	14	35	23	48	18	163	17	28	22	3	12	11	11	5	12	22	11	1	14	2	39	5	15	0	13	31	6	52	4	28	1	14	1	1	27	14	16	11	19	7	10	17	38	14	14	30	17	20	27	4	20	11	15	9	42	17	23	21	29	26	43	18	12	13	56	20	6	16	2	4	7	6	5	6	17	30	24	0	8	22	11
A[T>C]A	43	28	19	6	72	38	66	6	30	7	69	24	21	7	10	15	5	1	13	25	33	66	100	21	193	24	15	18	3	9	10	23	5	12	19	15	12	22	3	39	5	5	2	23	27	4	67	0	16	3	18	4	2	24	12	8	22	19	14	22	24	53	27	30	44	24	28	49	5	39	21	35	21	35	19	41	39	28	14	57	39	11	15	84	33	24	18	1	9	3	6	9	6	14	23	38	3	8	15	14
A[T>C]C	16	10	12	3	25	6	11	2	19	4	42	8	8	3	4	9	3	1	5	13	14	26	32	11	82	9	12	8	3	7	2	10	1	4	3	3	3	1	2	12	3	1	1	7	15	5	19	2	9	2	9	1	0	18	9	5	5	12	4	6	17	15	9	20	17	8	9	10	1	8	7	11	4	8	12	19	12	20	9	20	10	6	9	26	13	5	12	1	5	2	1	8	2	7	16	15	1	4	8	12
A[T>C]G	25	22	10	8	36	14	16	5	22	3	49	13	13	5	9	11	1	2	6	13	13	29	35	14	100	18	11	11	0	14	6	19	2	18	16	6	3	9	2	21	3	5	1	16	14	6	35	2	14	3	11	3	2	17	9	8	9	14	7	13	22	21	17	23	24	11	10	26	4	23	13	15	16	22	12	35	22	13	17	31	18	9	9	36	20	12	24	1	6	1	2	3	2	13	15	28	3	9	16	14
A[T>C]T	44	26	20	7	56	26	38	6	29	8	69	26	15	10	21	19	4	4	9	15	24	75	54	29	244	23	13	19	5	10	6	23	7	25	15	11	9	20	7	36	7	18	2	14	44	22	74	9	21	1	18	3	3	35	18	13	17	17	10	20	26	43	28	23	27	25	15	39	5	29	16	28	22	30	23	41	33	36	22	33	25	8	19	60	21	15	29	2	6	2	5	8	7	11	36	27	5	10	14	17
A[T>G]A	12	3	12	1	15	5	9	2	3	2	14	1	1	1	0	4	1	0	3	4	8	9	9	6	27	7	3	3	0	2	0	2	0	1	6	0	1	4	5	10	0	1	0	0	2	2	18	2	5	1	4	0	2	13	3	0	8	7	4	7	4	13	7	2	11	3	4	7	1	8	1	4	4	10	4	4	12	5	6	11	8	1	4	21	4	7	1	1	3	1	2	1	1	2	7	7	0	0	2	6
A[T>G]C	4	4	1	0	9	5	6	0	0	2	5	0	1	0	0	1	0	0	3	1	1	13	10	2	25	2	2	1	0	3	0	4	1	0	1	1	2	2	1	5	1	2	0	3	2	0	3	0	1	1	0	0	1	3	0	2	2	3	0	1	6	3	3	5	3	0	1	4	1	8	0	3	1	4	0	9	4	3	3	7	9	0	2	7	1	1	1	0	2	0	0	1	0	3	0	5	1	2	0	0
A[T>G]G	7	3	7	0	18	4	3	0	6	4	23	3	6	1	1	1	0	1	3	5	5	7	17	4	45	12	4	2	1	4	1	3	1	3	7	3	2	3	0	19	1	8	0	3	4	4	13	0	4	0	3	2	0	7	6	1	5	1	0	3	5	11	2	10	8	4	6	9	1	4	4	2	3	9	5	6	10	10	2	9	2	3	3	17	3	4	1	2	0	0	1	2	1	1	5	11	1	3	7	2
A[T>G]T	10	8	5	2	15	11	16	0	6	1	14	3	4	2	0	3	0	0	2	5	5	10	11	8	40	5	3	3	0	5	2	4	2	3	4	4	1	5	1	9	2	3	0	3	5	3	13	2	4	0	2	0	1	10	2	4	3	6	2	4	9	10	8	9	6	9	4	7	5	6	2	7	6	13	5	16	8	8	5	5	7	2	6	22	7	2	4	1	1	2	2	1	2	1	10	6	0	1	3	3
C[C>A]A	37	19	23	4	50	14	18	11	15	8	55	15	16	11	10	13	0	1	7	10	38	32	47	18	142	13	15	30	1	10	8	8	10	8	19	11	7	7	1	36	7	21	1	6	25	8	67	3	61	2	7	2	5	39	6	10	9	23	5	18	12	30	5	12	25	10	19	21	3	17	11	18	11	26	10	21	21	20	19	37	18	6	24	49	12	13	16	4	8	2	14	6	3	12	22	53	3	2	20	13
C[C>A]C	31	16	17	1	41	13	16	4	10	5	49	8	8	10	7	9	1	0	2	9	18	24	37	12	111	12	10	11	2	13	4	10	4	5	13	1	6	13	3	41	1	8	1	10	20	6	36	1	17	1	9	2	2	23	10	4	6	12	1	8	8	24	13	18	16	9	8	18	1	12	5	7	6	32	7	13	22	23	12	33	23	10	12	45	11	6	8	4	8	1	3	3	5	5	30	23	1	7	11	4
C[C>A]G	1	3	2	1	7	4	3	2	2	2	3	4	2	2	3	2	0	0	2	2	2	7	3	3	21	4	3	7	2	2	1	3	1	3	1	3	0	1	0	1	0	0	0	1	2	1	4	1	8	0	1	0	0	4	0	5	1	3	2	2	3	3	0	3	6	2	1	3	1	2	1	3	2	3	0	4	4	2	2	3	2	1	2	2	1	1	2	1	1	0	3	1	0	0	3	7	0	0	1	2
C[C>A]T	28	35	17	3	37	11	21	6	17	10	74	18	17	19	10	16	4	1	5	21	25	41	39	13	163	16	24	27	2	14	14	9	4	5	20	13	1	16	0	41	3	11	0	12	25	9	73	2	26	0	11	2	1	28	14	16	8	16	3	12	9	31	7	29	18	9	14	24	6	13	15	17	5	35	9	21	15	18	25	41	13	8	14	99	18	8	13	2	10	3	11	3	6	9	41	25	3	6	8	11
C[C>G]A	5	8	6	1	13	2	5	2	3	4	20	1	2	1	1	2	2	0	3	3	4	14	8	5	50	1	3	2	0	8	1	3	3	1	4	2	2	3	2	12	1	2	1	1	6	3	8	0	5	0	7	0	0	13	5	5	5	0	4	4	3	3	5	7	4	3	2	4	1	5	4	3	4	2	5	6	12	5	5	9	8	4	3	18	1	3	3	1	3	1	2	3	1	7	7	5	1	1	7	5
C[C>G]C	9	5	1	1	6	2	5	0	4	1	15	6	3	5	1	3	0	0	4	4	8	14	12	3	40	6	0	4	0	5	2	3	1	1	1	7	2	1	1	6	2	1	0	2	7	2	11	0	4	0	3	0	0	10	7	4	2	4	3	4	5	9	2	14	6	6	2	3	3	7	5	1	1	3	7	5	4	3	4	7	2	4	3	16	1	3	2	1	2	1	2	0	2	5	7	5	1	5	4	5
C[C>G]G	2	2	1	0	4	0	3	0	8	1	5	2	2	1	2	2	0	2	0	6	6	4	2	1	19	4	5	1	1	2	1	1	1	2	5	2	1	0	0	4	1	4	0	3	2	3	5	1	1	0	2	0	0	7	2	3	1	1	1	2	0	4	2	4	4	3	2	4	1	2	4	3	3	1	1	8	6	1	1	4	5	2	2	5	2	4	2	0	3	0	1	1	0	4	4	5	0	0	2	3
C[C>G]T	8	9	5	0	12	5	4	1	4	0	27	3	1	2	0	3	2	0	3	4	8	20	12	4	55	10	6	3	0	8	1	6	3	3	7	2	2	1	1	23	2	1	1	3	16	3	17	1	4	0	9	0	0	15	4	1	4	8	3	7	4	16	7	11	1	7	5	6	1	6	7	11	5	6	6	9	12	7	4	7	6	5	5	24	6	4	7	1	1	0	2	0	1	3	12	11	1	1	11	5
C[C>T]A	26	35	20	7	77	35	48	3	17	9	43	16	15	8	12	9	5	3	8	11	16	51	59	33	104	32	17	18	8	5	6	24	6	11	15	8	7	16	5	20	9	6	0	20	21	6	46	7	14	3	7	2	3	16	3	6	6	24	17	21	41	48	12	21	30	23	26	43	4	41	23	49	15	32	11	30	49	58	34	60	36	12	18	79	24	10	14	3	4	4	8	6	5	14	15	32	8	3	12	6
C[C>T]C	18	31	21	4	69	41	44	5	21	13	31	7	14	13	9	10	2	2	5	9	21	62	57	44	96	30	14	20	6	8	6	22	0	15	16	7	8	8	8	28	3	9	2	11	31	11	27	6	17	3	3	5	0	12	2	13	2	17	9	18	22	61	14	30	42	14	15	46	2	41	9	65	23	31	11	26	55	59	44	56	37	11	24	147	38	20	17	3	2	7	7	9	2	17	11	31	5	4	16	12
C[C>T]G	58	70	35	20	149	88	94	17	85	13	41	73	62	13	21	71	5	7	17	61	86	88	137	117	315	39	39	37	12	12	18	21	15	14	39	25	10	43	28	38	4	34	1	55	92	17	106	20	32	8	10	13	3	25	10	28	9	52	24	47	90	135	31	46	129	16	87	171	7	112	27	113	60	88	20	48	93	95	96	126	78	19	34	132	74	30	21	8	11	16	21	39	6	25	26	50	15	8	19	18
C[C>T]T	29	29	22	10	88	36	52	3	22	8	68	16	20	7	10	12	2	4	12	18	17	49	64	39	131	26	13	16	7	6	9	15	9	15	20	11	3	10	8	32	4	15	1	19	22	12	55	10	18	3	13	4	1	29	14	8	15	22	5	15	27	45	17	18	37	15	21	58	6	48	13	50	23	39	9	28	44	46	55	58	35	9	13	147	33	12	14	3	6	4	7	3	2	13	33	36	5	1	10	16
C[T>A]A	11	8	7	1	19	5	4	2	5	2	19	5	5	3	4	0	2	0	0	3	4	16	18	4	61	3	4	5	1	5	2	1	0	0	2	3	1	3	1	17	2	3	0	4	2	3	17	0	2	0	4	1	0	16	2	1	5	2	1	2	3	11	2	4	8	4	4	6	1	7	1	6	1	16	3	6	9	9	3	14	3	7	3	29	6	0	4	2	1	0	2	0	3	3	6	7	0	1	9	1
C[T>A]C	23	9	8	2	17	3	6	2	5	2	32	6	6	2	2	6	2	2	1	4	4	18	20	9	76	2	5	4	2	6	2	1	1	5	6	2	2	4	0	31	1	5	0	3	17	0	31	3	6	0	6	1	0	18	4	2	4	6	3	4	4	16	3	8	11	1	4	12	1	6	2	5	3	16	3	6	6	19	8	15	7	2	4	24	6	5	6	3	5	1	2	2	4	9	15	10	1	1	6	3
C[T>A]G	18	10	13	2	19	3	10	2	8	1	31	4	4	1	2	1	1	0	0	3	2	13	17	13	69	8	5	7	3	7	1	6	2	6	10	0	0	4	1	30	0	9	0	5	7	3	28	1	7	0	1	0	1	15	5	3	5	11	3	3	3	12	2	10	7	4	4	9	1	5	4	7	4	22	4	11	6	12	5	17	8	2	2	29	4	4	9	0	2	1	3	2	1	2	23	5	0	2	7	3
C[T>A]T	33	11	22	5	27	8	7	4	12	2	67	7	5	0	1	8	0	1	4	6	12	18	29	8	126	9	8	8	3	13	4	6	5	8	7	4	1	7	0	33	1	12	0	7	16	7	45	0	12	1	14	1	0	24	11	7	10	8	7	4	8	24	8	10	17	12	6	13	2	14	4	11	4	21	6	10	12	16	11	17	11	10	12	57	11	8	14	2	3	0	3	3	4	8	26	17	1	1	17	5
C[T>C]A	20	10	6	7	19	7	9	3	6	1	28	6	8	3	2	9	1	2	6	10	9	22	12	12	77	8	9	10	0	7	6	4	8	7	11	3	3	4	3	13	0	10	0	6	12	7	19	3	8	0	4	1	0	6	6	11	5	7	3	6	9	11	7	14	9	6	7	20	2	7	8	11	2	6	6	18	14	9	5	9	9	6	7	16	15	6	15	3	4	1	3	3	2	14	12	11	2	2	4	4
C[T>C]C	22	15	13	3	31	3	8	6	6	7	43	6	6	6	5	9	1	5	2	6	12	35	17	11	75	9	2	7	0	9	3	7	5	4	7	3	4	8	3	17	3	8	0	6	18	7	36	2	5	0	13	1	1	20	10	11	7	15	6	8	6	12	6	9	16	8	4	9	4	10	5	9	6	16	4	12	17	19	12	21	13	9	12	22	12	8	19	0	6	5	2	1	5	11	19	20	0	2	8	2
C[T>C]G	16	5	6	3	16	7	11	4	14	7	29	18	8	3	8	6	0	1	3	11	15	20	11	7	80	10	5	5	0	5	4	8	8	10	12	6	3	7	3	11	0	7	0	3	13	4	34	0	8	0	6	2	0	14	9	4	3	10	2	8	8	12	5	9	15	14	5	6	2	12	4	15	5	13	9	19	7	8	6	30	9	6	11	23	8	9	5	2	4	3	5	4	4	7	14	17	6	3	6	9
C[T>C]T	19	15	16	5	22	14	16	2	20	8	32	8	11	3	11	8	2	1	6	6	16	22	24	15	114	11	8	4	1	10	2	14	2	8	10	7	2	10	0	19	2	12	1	7	15	5	36	1	14	0	12	1	1	24	11	8	4	14	7	19	6	19	10	12	15	9	6	19	1	14	5	16	5	11	14	15	22	21	8	19	11	12	9	25	7	9	13	1	4	1	6	5	7	14	16	22	4	3	6	3
C[T>G]A	4	5	2	2	4	1	3	1	3	2	7	2	1	0	0	0	0	0	0	1	0	20	12	3	26	3	3	3	0	2	0	3	1	1	2	2	2	1	0	8	2	0	0	2	1	0	4	1	5	0	1	0	0	5	1	1	2	2	1	1	0	6	0	3	0	3	1	4	1	0	1	1	0	2	3	0	2	2	1	9	4	0	1	11	2	1	3	0	2	1	4	3	1	2	4	4	3	0	4	2
C[T>G]C	5	1	1	0	5	2	2	1	1	0	10	2	4	1	0	2	1	0	2	2	2	12	8	5	18	2	1	2	0	2	1	1	1	1	2	5	1	2	0	4	1	1	0	2	0	7	5	0	1	0	2	0	0	2	1	0	1	3	4	3	1	3	2	7	0	1	0	3	0	6	3	4	0	4	2	4	5	6	6	6	5	2	0	6	1	2	4	1	1	2	0	1	1	1	0	5	1	1	1	2
C[T>G]G	6	3	4	1	6	3	3	0	5	0	17	1	3	3	0	1	1	2	0	1	6	9	16	4	47	6	6	2	1	1	2	3	4	2	3	5	2	6	2	8	0	2	0	2	4	2	13	0	2	0	2	0	0	5	6	0	2	2	3	0	2	6	3	6	7	1	4	6	1	6	3	4	4	12	1	6	6	3	4	12	2	3	4	10	4	4	4	2	2	0	0	2	3	1	8	11	2	3	5	4
C[T>G]T	6	3	2	3	12	6	12	0	2	1	22	2	4	1	1	7	0	0	4	3	4	14	11	4	55	5	8	4	0	0	1	4	2	5	2	6	1	7	0	14	2	3	0	4	5	2	6	1	6	0	1	1	0	9	4	1	1	3	4	9	1	9	5	10	4	6	2	7	1	2	8	3	6	5	5	3	7	8	4	8	7	2	6	12	5	2	3	2	1	2	3	1	0	9	5	14	2	1	4	3
G[C>A]A	16	16	21	2	46	22	21	10	21	6	55	23	7	9	10	14	2	2	5	9	31	34	24	14	138	12	15	45	4	8	13	6	4	6	25	8	4	17	2	27	1	9	0	14	17	4	52	3	48	0	5	4	0	22	8	4	10	18	8	24	21	28	2	9	30	15	9	28	4	25	10	22	13	31	10	17	27	15	24	29	19	11	23	35	9	15	14	1	3	7	13	9	3	7	34	47	3	5	15	7
G[C>A]C	13	13	8	3	29	17	10	2	14	9	26	5	9	5	2	7	1	1	1	6	17	25	23	15	73	10	5	9	1	8	2	6	3	2	4	6	3	8	2	24	2	10	0	10	13	7	31	1	12	0	5	2	1	16	6	2	4	8	2	8	13	29	3	13	19	6	7	12	0	11	6	13	6	27	4	11	20	14	8	28	17	7	9	54	8	4	12	1	1	2	1	5	3	7	14	14	0	2	2	8
G[C>A]G	1	1	0	0	7	2	3	1	2	1	5	4	4	2	3	1	1	0	0	1	6	1	4	5	16	2	0	6	2	0	1	2	0	0	2	0	0	1	0	3	1	2	0	2	4	0	7	1	1	0	0	0	0	1	0	4	1	2	2	1	4	2	0	4	3	2	2	3	0	5	1	2	2	6	1	6	1	3	6	2	2	1	3	6	2	0	0	1	1	1	3	1	0	0	2	4	0	0	2	0
G[C>A]T	19	14	12	2	17	10	11	9	13	7	52	11	9	9	8	11	1	0	7	12	27	33	24	6	112	10	14	35	1	8	7	10	5	3	20	9	5	9	3	27	3	10	0	7	16	6	39	4	44	1	3	3	0	21	5	9	5	15	2	17	14	23	6	12	16	6	10	22	5	13	9	11	6	14	3	10	14	11	13	16	11	12	19	27	10	7	9	3	2	5	7	4	2	9	27	26	1	3	12	7
G[C>G]A	4	2	4	1	9	1	4	2	2	7	15	5	2	5	4	2	0	0	4	3	5	38	10	6	39	6	6	5	1	2	0	2	2	1	8	5	5	4	0	6	4	1	1	2	9	0	10	0	0	0	2	1	0	14	6	5	0	4	4	0	4	10	1	6	4	10	2	5	3	4	5	4	1	8	5	8	2	6	2	14	4	8	4	8	5	3	3	0	5	1	1	1	1	6	9	5	1	3	7	9
G[C>G]C	9	5	2	1	9	3	7	1	4	1	13	3	1	3	3	2	1	1	0	3	5	17	9	2	33	8	0	2	0	4	1	3	0	3	7	2	2	1	2	1	1	3	0	3	5	1	12	1	3	0	5	0	0	9	4	4	0	4	6	2	3	4	0	13	3	0	3	3	1	2	5	6	4	8	2	7	13	4	1	11	4	5	5	8	4	2	7	0	2	0	3	2	0	4	3	9	0	1	2	2
G[C>G]G	1	1	1	0	1	0	4	0	1	0	7	2	1	0	0	2	0	0	0	0	3	6	3	2	6	0	2	1	1	0	0	0	0	0	0	1	0	1	0	1	0	1	0	0	2	4	1	0	1	0	2	0	0	1	1	2	1	1	0	1	0	1	2	2	3	2	0	1	0	1	1	2	0	3	1	0	5	2	1	4	0	1	1	4	2	0	1	0	0	0	1	1	0	1	1	1	0	0	0	0
G[C>G]T	7	7	5	1	7	5	2	1	3	4	24	3	4	3	1	1	2	0	3	3	5	21	7	5	39	5	5	3	2	3	1	8	0	6	6	3	1	4	1	5	2	6	0	2	5	3	21	0	3	0	3	0	0	10	6	2	2	4	4	4	5	10	0	15	3	6	1	3	0	2	3	2	1	4	5	7	8	5	3	10	7	4	3	17	1	5	5	1	1	2	4	3	1	5	12	7	0	2	4	8
G[C>T]A	24	19	13	12	63	32	42	7	21	10	28	16	10	6	9	12	6	9	11	15	21	83	53	38	91	26	17	18	4	9	7	10	5	8	14	12	7	13	9	20	4	10	0	13	19	6	29	4	12	1	7	2	1	15	8	15	9	17	8	13	29	46	17	31	39	17	24	35	8	44	12	37	11	35	5	22	46	38	29	50	19	11	18	65	20	23	13	3	6	7	13	5	5	19	17	27	4	1	12	7
G[C>T]C	23	35	15	3	74	38	55	5	15	20	33	24	14	6	7	12	5	4	12	16	30	73	62	49	79	19	17	17	6	9	8	15	4	9	15	9	4	14	7	25	4	18	1	20	20	9	39	3	15	1	1	5	4	9	8	15	4	13	3	16	29	56	10	35	42	23	22	66	9	49	9	61	19	36	7	31	45	49	39	53	33	17	15	83	30	8	13	4	3	8	8	7	3	17	10	38	3	4	14	10
G[C>T]G	67	79	57	23	199	140	129	27	105	40	60	95	90	17	33	69	9	16	22	62	97	137	172	129	388	39	47	74	18	13	19	36	15	26	55	35	13	51	37	57	10	54	3	70	97	21	130	24	45	5	13	15	2	29	23	27	5	59	16	58	117	171	26	48	188	49	90	173	19	122	34	122	57	107	20	58	111	129	113	198	101	32	62	143	107	39	30	19	16	19	25	52	7	49	43	81	15	16	22	27
G[C>T]T	23	31	15	6	68	30	49	2	19	14	34	18	10	6	12	7	2	3	9	12	23	70	64	19	96	24	15	20	7	14	7	19	4	8	14	12	5	7	4	18	11	21	1	22	23	5	44	5	12	1	9	3	0	15	10	15	11	15	5	13	33	50	16	35	41	24	12	60	0	37	12	44	17	40	7	30	33	40	32	42	26	16	18	99	26	12	16	3	5	7	7	7	1	24	21	32	3	6	22	5
G[T>A]A	5	4	2	0	10	3	3	0	4	0	24	1	2	2	1	4	0	2	1	2	4	9	9	6	33	3	0	0	1	1	0	2	2	2	3	0	3	4	2	11	0	1	0	0	5	1	17	0	2	0	2	3	0	9	4	0	1	1	0	1	4	13	4	5	7	1	3	3	0	4	2	1	0	10	1	4	10	4	4	10	1	2	4	11	2	0	4	0	0	0	1	3	1	1	12	6	0	5	5	1
G[T>A]C	7	5	4	0	10	2	3	0	3	0	15	2	6	2	0	0	0	0	2	5	1	5	8	3	35	1	6	1	0	2	1	3	1	0	5	0	1	2	1	19	1	1	1	1	7	0	21	0	3	1	5	2	1	5	1	2	4	2	2	1	2	5	1	7	1	4	1	4	1	4	3	3	2	5	2	6	3	4	3	8	2	3	2	5	0	4	1	0	0	0	2	0	1	2	6	3	0	3	2	5
G[T>A]G	10	6	9	0	11	3	4	0	4	1	19	3	3	2	1	2	0	0	1	1	4	6	13	5	38	5	4	4	0	5	2	2	1	4	4	4	1	6	0	10	1	3	0	2	6	2	14	0	2	0	5	1	0	4	3	4	3	2	0	2	3	10	6	7	6	2	0	3	0	4	4	2	6	10	1	5	4	5	5	8	4	2	5	10	0	0	2	1	0	0	3	1	0	6	9	6	3	1	6	2
G[T>A]T	17	11	12	0	20	6	6	3	5	2	29	12	8	2	4	4	1	1	1	1	5	7	22	7	81	2	8	4	0	11	3	3	1	3	8	5	2	4	0	27	1	1	0	4	11	4	24	1	5	1	7	0	0	24	11	1	3	2	2	4	5	10	6	5	13	3	1	6	1	3	4	9	4	24	1	6	6	12	8	17	0	1	2	24	6	2	6	0	1	1	0	2	2	6	14	7	0	3	6	3
G[T>C]A	22	18	11	4	32	10	17	2	10	6	33	10	9	3	10	10	0	3	7	13	13	40	29	19	96	19	10	11	3	8	4	6	4	8	11	8	6	10	1	11	4	7	1	10	19	6	39	3	9	0	7	6	1	20	3	13	3	10	4	7	12	28	9	15	25	12	21	20	4	20	15	18	8	22	12	29	23	10	16	30	19	9	5	39	23	5	9	2	2	0	8	7	3	8	10	23	0	3	13	5
G[T>C]C	18	12	10	2	32	6	16	2	12	9	26	6	4	5	7	4	1	0	3	10	7	19	26	13	59	10	6	10	3	3	2	4	2	6	4	4	4	7	2	15	1	8	0	5	7	5	23	2	4	0	9	5	1	11	3	11	6	13	1	3	9	20	5	18	14	2	6	17	3	11	10	10	3	20	5	21	18	12	5	17	9	6	5	20	10	7	18	3	0	0	3	3	1	9	20	18	3	6	5	4
G[T>C]G	14	9	6	6	26	6	10	0	10	2	29	4	3	3	2	8	2	4	5	8	13	25	18	10	66	16	9	8	0	4	2	4	4	9	10	2	8	7	3	14	1	8	0	2	8	6	24	1	5	0	7	1	1	12	7	7	6	13	2	6	9	16	11	14	16	12	7	19	2	11	6	11	4	10	10	15	16	11	12	15	5	6	10	15	13	2	12	1	7	1	2	4	3	11	15	14	1	6	11	4
G[T>C]T	33	19	7	8	35	15	30	4	14	7	36	11	11	3	13	12	4	0	7	15	20	43	32	19	104	18	10	12	5	7	4	20	3	10	15	10	6	4	3	18	1	9	1	9	18	10	51	2	10	0	9	1	4	19	8	11	7	16	10	17	14	28	14	26	21	9	13	23	4	30	10	23	19	14	12	33	24	13	11	25	11	10	7	46	17	10	18	2	1	5	5	4	4	16	25	21	1	4	9	9
G[T>G]A	13	3	4	0	6	2	4	0	3	1	7	1	1	3	0	0	0	0	0	0	1	8	4	0	13	3	2	2	0	0	1	0	1	1	1	0	0	2	0	3	1	2	0	4	1	0	4	1	2	0	1	0	1	3	10	2	1	0	0	2	1	2	0	4	2	0	1	4	2	2	2	2	0	5	1	2	3	2	0	1	7	1	2	21	5	1	1	0	2	0	0	0	0	2	1	4	0	0	2	2
G[T>G]C	2	0	1	1	5	0	2	0	1	0	4	0	0	0	3	2	0	0	0	2	3	5	5	2	15	2	1	0	0	0	0	0	2	2	0	1	1	1	0	4	0	0	0	1	0	0	1	1	3	0	2	1	0	4	4	1	0	2	0	3	2	3	1	0	3	1	2	4	1	1	0	0	0	5	0	2	2	0	0	1	3	1	0	8	3	0	0	0	0	0	0	0	0	1	4	2	0	0	0	1
G[T>G]G	9	3	3	0	6	2	7	0	9	2	17	5	3	3	1	0	0	1	1	4	4	7	9	5	52	4	1	6	0	1	1	5	0	3	1	1	4	3	1	11	0	1	1	5	4	2	12	0	0	0	3	0	7	12	13	2	1	2	3	1	4	8	5	5	3	5	1	4	5	0	4	7	4	10	3	3	3	8	6	10	16	1	2	31	4	2	6	0	2	1	2	6	1	3	8	3	1	2	7	4
G[T>G]T	13	6	5	0	6	3	6	1	5	1	12	0	4	2	0	1	1	0	0	2	4	9	7	9	52	5	0	4	0	3	3	2	3	2	3	3	1	8	1	8	4	2	0	1	2	1	10	0	3	0	6	3	8	7	29	1	3	5	2	2	3	7	3	4	6	3	4	7	1	3	3	3	2	1	0	3	7	3	3	9	9	0	1	24	4	4	3	0	2	2	2	2	2	4	3	3	0	2	2	2
T[C>A]A	29	23	30	3	77	36	41	11	24	12	60	25	12	12	11	15	6	4	4	18	23	50	52	26	149	15	26	36	4	10	16	13	7	9	33	16	5	17	2	38	4	15	0	21	25	8	52	2	46	0	13	1	3	27	5	16	8	30	9	5	31	52	9	13	29	14	22	53	4	30	11	32	10	34	7	22	36	26	33	50	26	17	30	71	25	15	18	4	14	3	9	9	2	13	27	46	5	4	12	10
T[C>A]C	32	15	22	9	55	28	30	4	16	9	56	17	8	9	1	9	2	0	3	9	20	24	42	20	113	12	11	18	4	14	5	8	9	5	10	6	2	7	2	36	3	13	0	20	23	3	41	0	23	1	4	3	0	13	6	16	8	16	2	15	21	39	5	27	28	10	13	31	4	22	14	26	11	41	13	23	35	30	20	29	25	7	10	57	22	14	16	4	6	2	7	2	1	8	14	34	4	5	9	8
T[C>A]G	2	3	3	1	10	4	9	1	4	1	5	2	3	1	1	3	0	0	0	5	9	8	7	8	23	7	3	1	1	0	1	2	0	0	1	3	0	3	1	3	0	1	0	2	0	1	0	0	7	0	2	0	0	4	0	5	0	2	1	3	5	15	0	1	8	4	8	7	0	6	4	3	4	1	0	1	9	6	4	9	3	2	4	3	3	4	1	2	0	1	2	0	2	1	2	6	1	1	3	0
T[C>A]T	47	48	36	4	105	36	72	13	45	14	90	38	23	11	25	27	4	2	16	38	53	59	66	32	295	28	34	62	8	15	19	13	8	8	54	16	6	28	8	60	5	26	0	24	39	9	97	8	97	2	14	1	2	24	18	13	9	43	9	26	33	72	10	36	52	47	29	58	8	46	39	42	20	45	18	35	53	34	39	67	34	21	47	77	37	18	32	5	10	5	19	10	14	22	59	75	5	15	17	16
T[C>G]A	21	6	7	3	12	3	8	1	9	2	39	0	4	4	2	4	0	1	1	7	9	26	8	1	61	11	8	3	1	8	1	4	4	1	6	5	3	3	2	7	2	2	1	1	5	5	19	1	6	0	5	0	0	15	7	13	8	4	3	5	5	13	1	9	11	13	3	8	2	7	8	4	1	6	6	14	8	5	8	14	9	8	8	20	4	6	9	0	8	1	3	0	2	2	7	17	1	2	8	2
T[C>G]C	7	9	4	2	13	3	5	1	5	10	40	6	5	1	3	2	1	0	2	3	9	13	11	1	48	12	5	3	2	5	5	9	1	1	3	5	0	2	0	9	1	6	0	7	13	3	13	2	2	0	4	1	2	12	2	4	1	3	3	9	2	12	3	16	8	4	5	9	2	9	5	7	2	8	8	9	8	6	5	15	10	10	7	23	10	7	8	1	4	3	6	0	3	7	19	21	0	4	7	6
T[C>G]G	1	1	0	1	3	5	1	0	1	2	6	1	2	0	0	0	0	0	0	2	4	2	3	1	19	1	2	0	0	1	1	1	0	2	1	0	2	1	0	1	0	1	0	1	2	1	1	0	1	0	0	1	0	4	1	2	0	1	2	1	0	5	1	4	1	0	0	1	1	1	3	3	0	2	1	1	1	1	1	4	3	1	0	6	1	2	1	0	1	1	0	1	2	1	1	4	0	1	0	2
T[C>G]T	39	14	19	2	15	12	15	2	12	11	67	4	6	6	9	6	3	1	4	8	5	27	17	9	123	13	9	3	2	11	4	15	5	12	10	6	2	7	2	17	3	9	0	8	19	5	32	0	15	1	14	1	1	31	9	13	9	12	9	7	14	16	2	36	11	11	4	14	3	15	12	7	7	13	4	19	21	14	9	15	10	9	12	31	14	15	12	2	1	1	5	4	2	16	15	24	3	5	12	5
T[C>T]A	47	20	28	9	85	26	39	9	33	12	70	16	16	6	11	11	2	2	12	19	25	66	59	34	104	23	25	18	6	5	8	26	2	14	18	6	12	15	6	22	5	10	0	28	29	10	48	6	16	4	9	2	2	16	7	14	7	31	9	15	26	41	11	25	39	13	18	35	11	29	20	46	24	34	14	23	39	47	25	49	24	12	18	65	32	16	21	2	9	5	6	7	2	19	17	32	4	5	9	9
T[C>T]C	38	35	29	3	83	37	47	6	26	12	36	23	17	6	9	11	4	3	10	13	25	78	73	33	111	18	15	22	6	7	6	21	4	16	8	12	8	21	4	25	9	10	0	18	24	11	42	5	15	0	10	4	1	17	8	13	13	19	6	16	29	47	7	52	46	24	21	42	3	49	16	41	20	35	11	25	56	50	29	55	34	12	17	81	24	16	17	3	5	7	4	6	3	16	21	30	6	3	15	16
T[C>T]G	39	61	45	18	149	91	101	11	64	11	30	45	58	13	17	47	5	10	12	59	58	83	121	84	206	28	24	38	15	11	14	23	9	18	32	20	10	34	13	35	4	28	1	40	64	13	73	17	32	3	10	9	4	24	14	17	13	41	14	52	80	83	20	34	104	29	78	123	9	79	25	70	46	65	10	44	70	108	65	109	65	32	22	123	88	16	26	7	11	15	18	30	9	23	28	50	13	4	20	14
T[C>T]T	27	34	16	4	94	28	44	6	39	12	87	24	15	11	7	11	6	3	11	14	27	77	49	35	145	21	14	11	1	11	4	14	7	15	21	14	8	11	5	31	5	13	1	16	30	11	53	5	18	2	15	1	2	22	15	9	5	26	9	21	37	59	13	32	46	31	19	57	1	43	20	46	16	38	18	33	47	47	36	59	33	8	21	93	22	19	18	2	5	4	14	9	4	22	28	39	3	3	15	12
T[T>A]A	31	15	10	1	48	17	29	4	22	7	46	9	10	8	9	10	3	0	3	17	23	26	42	16	121	13	14	15	1	6	8	5	6	7	17	7	2	12	5	23	3	6	1	5	21	4	43	2	17	0	11	1	0	29	10	6	8	17	4	8	16	41	2	14	24	9	11	22	2	16	10	14	5	22	7	12	20	16	13	31	26	14	18	40	22	12	14	1	7	2	11	3	1	9	18	19	6	3	5	12
T[T>A]C	18	13	12	1	16	5	7	1	13	3	33	6	8	4	3	2	2	1	0	1	9	25	24	6	72	3	4	3	0	4	2	4	3	2	3	3	3	6	1	16	0	3	0	3	8	5	35	0	6	0	5	3	1	10	3	2	4	5	2	2	6	20	6	12	10	5	5	6	2	4	7	12	3	13	9	7	11	12	2	18	7	2	5	22	2	6	4	0	3	0	4	3	3	8	10	16	0	3	3	3
T[T>A]G	5	5	9	0	16	2	3	0	3	2	15	1	2	2	3	1	1	0	2	4	5	11	6	8	46	8	3	3	0	6	1	1	1	6	5	4	1	1	0	13	1	2	0	3	9	1	22	0	6	0	2	0	0	7	8	0	3	3	3	2	2	17	7	5	4	1	1	8	1	7	2	5	0	3	1	9	10	4	4	9	7	4	1	17	2	4	7	1	0	0	1	1	2	2	10	6	1	0	5	3
T[T>A]T	37	25	30	7	49	20	18	7	16	6	60	8	8	5	7	7	2	3	7	5	22	33	37	16	164	12	18	8	2	14	4	6	5	3	17	8	4	5	4	45	4	10	2	11	30	8	56	3	13	0	12	0	1	31	11	7	12	11	5	12	15	33	4	12	18	16	9	21	5	16	7	12	13	20	7	21	21	19	19	25	12	12	9	53	17	10	13	3	10	4	8	1	10	17	33	22	2	0	14	5
T[T>C]A	24	14	9	4	29	14	21	3	24	6	26	10	15	8	8	9	2	1	6	10	14	39	43	6	97	18	9	11	3	8	7	16	6	12	11	6	5	8	3	17	2	9	0	8	15	9	40	1	6	0	11	2	0	22	3	9	11	13	8	17	15	21	13	19	21	23	1	24	6	12	15	18	9	9	7	27	23	15	10	17	14	14	11	31	20	5	16	1	7	3	7	7	4	8	15	15	2	3	11	13
T[T>C]C	31	19	15	7	34	18	20	4	12	7	52	9	16	11	12	10	3	3	6	8	21	25	23	12	80	24	9	7	4	12	3	20	8	13	12	15	3	11	1	17	7	6	2	6	11	8	47	2	10	0	16	1	0	29	0	27	6	15	8	10	8	25	11	23	11	19	13	18	7	14	17	13	8	14	16	19	15	23	12	27	10	13	15	26	7	16	18	1	8	2	11	5	5	19	34	35	1	2	7	14
T[T>C]G	19	18	10	8	22	5	20	2	8	3	14	8	11	7	3	3	0	1	4	10	9	23	27	16	59	14	9	3	2	3	1	9	0	5	8	6	2	3	2	9	5	8	1	3	7	6	25	3	6	0	8	3	0	6	3	8	6	3	0	9	4	16	6	12	13	12	5	18	1	13	8	15	3	8	6	20	11	11	9	20	8	6	4	9	12	8	15	0	3	0	4	2	5	11	12	13	4	2	5	11
T[T>C]T	31	21	17	7	36	20	24	3	8	4	42	10	14	7	6	15	5	1	4	17	30	35	48	19	119	20	14	8	4	6	3	17	8	10	12	10	7	9	4	29	4	17	0	9	25	11	47	5	16	1	18	1	4	32	10	17	9	17	6	13	15	26	8	35	30	17	12	32	4	19	24	32	13	16	9	24	28	19	15	15	19	11	12	41	9	12	19	0	9	4	7	7	4	12	34	34	3	10	15	12
T[T>G]A	13	11	7	2	9	7	2	0	6	0	14	5	1	2	1	3	0	2	3	5	2	10	9	5	29	5	0	1	1	3	1	4	1	1	5	4	2	1	1	7	3	4	0	3	15	5	10	3	2	0	9	2	0	7	2	1	3	5	3	4	7	9	2	9	5	5	3	6	0	8	4	6	0	4	5	10	7	6	5	15	5	3	7	15	8	3	10	0	4	0	4	1	1	4	7	7	0	2	7	0
T[T>G]C	5	3	8	3	12	6	8	1	6	1	13	0	0	1	2	1	0	0	1	2	7	11	8	2	28	4	0	1	1	3	0	0	1	3	2	1	1	1	0	7	2	1	0	2	6	1	7	1	6	0	5	0	2	10	1	2	0	5	1	3	4	5	0	6	7	1	9	8	0	5	2	2	4	3	1	9	3	3	8	4	6	5	1	10	5	3	2	0	1	2	1	1	0	4	4	7	0	0	3	2
T[T>G]G	8	6	5	0	20	4	3	0	8	3	12	3	2	2	2	4	0	0	2	3	8	17	12	3	57	3	2	6	0	5	1	4	3	3	3	4	3	2	1	9	0	2	0	0	9	2	21	0	2	0	1	1	2	10	5	1	6	3	1	10	1	8	3	6	4	2	1	5	0	8	4	5	2	8	2	8	9	8	7	9	5	4	1	8	5	2	10	0	2	0	3	1	2	1	7	10	1	1	2	2
T[T>G]T	17	11	14	4	36	15	12	2	14	3	30	9	13	5	3	8	1	0	4	9	10	19	23	13	98	11	10	19	1	5	1	6	1	7	10	5	3	8	0	18	3	5	1	9	13	5	23	2	9	0	7	3	1	22	3	6	9	7	5	8	6	22	1	7	17	8	7	24	0	7	9	14	11	11	6	16	23	9	9	17	11	7	11	32	7	7	8	2	7	2	3	3	3	14	9	20	3	5	13	10
