Mutation.Type	APGI_1839	APGI_1840	APGI_1956	APGI_1992	APGI_2000	APGI_2051	APGI_2057	APGI_2060	APGI_2119	APGI_2137	APGI_2150	APGI_2157	APGI_2179	APGI_2202	APGI_2353
A[C>A]A	77	156	59	117	122	84	265	135	63	245	23	80	239	65	98
A[C>A]C	60	112	77	98	93	49	192	92	53	187	18	38	169	55	66
A[C>A]G	2	17	10	11	14	6	26	17	4	26	0	5	29	5	10
A[C>A]T	43	109	41	90	94	31	190	68	41	150	14	40	211	34	66
A[C>G]A	24	116	18	80	56	32	183	58	26	101	8	18	178	22	53
A[C>G]C	19	65	23	52	33	16	102	24	13	58	2	20	83	12	33
A[C>G]G	3	11	3	9	11	6	30	8	3	16	1	4	23	5	9
A[C>G]T	27	167	27	77	52	18	167	28	22	81	5	32	181	21	56
A[C>T]A	89	182	98	160	150	128	218	133	90	211	45	106	254	99	166
A[C>T]C	49	73	61	73	64	37	102	53	45	99	11	50	124	39	44
A[C>T]G	321	806	315	437	444	226	248	311	300	316	95	390	264	269	453
A[C>T]T	52	105	61	95	94	46	215	91	42	165	15	74	173	40	87
A[T>A]A	51	102	58	93	112	57	136	78	32	90	19	41	152	37	77
A[T>A]C	38	54	74	52	57	36	107	48	30	75	11	27	71	29	52
A[T>A]G	31	57	34	54	58	28	101	45	38	64	12	18	98	37	57
A[T>A]T	119	186	101	165	120	99	169	97	64	144	16	44	139	46	150
A[T>C]A	120	222	115	267	185	116	263	125	84	180	37	114	284	86	187
A[T>C]C	42	65	32	88	45	22	125	47	25	70	4	19	101	27	56
A[T>C]G	72	89	60	171	83	62	152	37	52	111	4	40	169	32	81
A[T>C]T	64	152	73	171	141	53	235	88	55	159	18	83	208	64	106
A[T>G]A	28	57	29	52	48	27	90	44	17	50	5	22	96	21	40
A[T>G]C	9	18	16	26	20	3	32	12	8	20	0	15	25	9	15
A[T>G]G	4	31	12	32	25	8	85	21	11	36	3	8	63	12	25
A[T>G]T	22	70	29	56	38	18	88	62	20	48	3	14	74	21	50
C[C>A]A	45	111	44	108	98	66	242	87	38	237	9	38	391	44	73
C[C>A]C	35	85	39	63	71	26	210	64	42	165	6	30	235	45	78
C[C>A]G	6	17	7	17	12	8	34	10	6	23	1	6	78	6	10
C[C>A]T	50	165	60	207	96	48	235	86	45	179	2	38	361	30	123
C[C>G]A	13	51	12	59	53	12	131	33	18	70	2	22	140	14	18
C[C>G]C	10	23	14	32	31	10	110	14	10	51	3	14	117	14	29
C[C>G]G	2	10	5	14	17	4	38	5	1	13	0	2	23	5	4
C[C>G]T	19	67	22	67	55	21	191	26	18	96	5	24	179	24	41
C[C>T]A	68	121	76	117	69	61	201	81	61	165	15	92	200	64	93
C[C>T]C	49	94	58	90	75	54	149	86	58	133	13	76	137	44	75
C[C>T]G	175	489	187	274	273	142	185	180	154	231	49	236	187	140	254
C[C>T]T	59	180	71	135	131	77	251	104	80	172	15	100	213	74	116
C[T>A]A	33	57	16	45	58	16	121	33	21	66	3	9	115	14	33
C[T>A]C	23	55	24	49	68	30	165	42	16	94	6	18	162	25	44
C[T>A]G	24	52	17	62	63	13	163	31	28	84	2	16	173	19	56
C[T>A]T	28	100	49	72	82	23	206	119	24	121	8	20	175	29	81
C[T>C]A	51	78	36	87	73	26	144	47	17	70	3	21	124	19	72
C[T>C]C	27	79	29	77	72	29	175	44	11	92	7	21	147	16	73
C[T>C]G	51	76	56	88	60	35	161	55	31	57	2	28	140	38	66
C[T>C]T	61	149	45	113	129	45	234	118	34	99	13	28	196	35	103
C[T>G]A	16	36	9	40	39	6	57	17	4	17	1	9	68	10	21
C[T>G]C	20	31	13	36	23	14	69	29	15	25	2	13	70	16	23
C[T>G]G	29	30	20	62	47	13	120	14	8	51	1	12	90	13	33
C[T>G]T	55	159	43	146	122	34	146	274	25	62	3	24	215	44	147
G[C>A]A	50	83	58	95	71	54	158	107	33	176	13	40	170	39	60
G[C>A]C	32	70	34	62	46	21	136	40	23	102	6	21	131	23	51
G[C>A]G	13	7	5	7	8	7	15	12	7	18	0	7	21	11	11
G[C>A]T	47	79	42	107	65	42	147	70	39	153	10	34	185	23	57
G[C>G]A	15	30	8	32	19	11	102	18	8	51	1	17	76	14	28
G[C>G]C	9	78	7	33	24	9	80	14	13	42	0	9	73	10	20
G[C>G]G	2	5	2	4	5	4	17	3	1	10	0	2	9	3	5
G[C>G]T	15	59	10	37	36	13	111	19	10	68	2	16	111	12	41
G[C>T]A	61	124	85	105	82	56	180	64	46	134	18	68	164	50	91
G[C>T]C	76	114	73	96	62	44	146	83	55	117	13	66	138	45	87
G[C>T]G	281	687	285	359	324	156	195	258	204	313	68	262	220	173	361
G[C>T]T	57	142	68	99	76	47	148	90	60	108	15	49	142	46	86
G[T>A]A	12	29	14	26	25	9	55	26	9	48	5	7	69	7	20
G[T>A]C	15	26	15	25	31	14	49	26	11	35	4	14	56	5	30
G[T>A]G	25	33	16	33	31	20	79	29	16	56	4	16	76	17	27
G[T>A]T	21	63	20	43	49	13	112	42	18	58	6	15	103	20	31
G[T>C]A	64	112	64	138	73	38	118	43	41	81	12	48	121	38	75
G[T>C]C	28	75	38	58	36	20	107	35	9	35	5	27	82	17	47
G[T>C]G	41	76	43	84	52	41	120	35	19	56	6	30	99	24	54
G[T>C]T	61	86	73	102	69	46	146	64	33	85	6	49	138	44	64
G[T>G]A	11	19	6	10	13	2	41	11	1	21	3	6	41	1	18
G[T>G]C	8	17	4	6	10	5	26	3	5	15	2	8	27	4	18
G[T>G]G	8	23	10	27	32	9	68	22	5	35	4	6	54	6	18
G[T>G]T	25	56	26	55	41	24	75	55	10	56	4	14	103	14	39
T[C>A]A	108	213	70	146	118	71	227	107	63	244	15	138	271	54	92
T[C>A]C	57	104	55	120	83	33	218	84	37	185	15	70	226	61	87
T[C>A]G	10	27	9	16	17	6	22	11	6	34	4	11	23	17	7
T[C>A]T	208	339	114	317	196	144	305	189	124	376	21	116	399	68	177
T[C>G]A	42	244	29	169	63	25	362	48	20	310	4	443	373	54	63
T[C>G]C	22	101	17	98	55	12	267	42	15	155	5	77	211	24	51
T[C>G]G	2	11	3	11	7	0	30	3	4	21	0	16	31	4	4
T[C>G]T	70	443	47	297	154	63	608	112	53	510	19	558	545	77	115
T[C>T]A	101	348	95	215	158	106	422	169	118	469	33	998	388	98	135
T[C>T]C	103	258	83	147	112	83	262	124	93	272	26	274	237	90	126
T[C>T]G	163	374	135	209	168	80	119	130	133	162	50	252	131	114	214
T[C>T]T	114	346	77	171	159	134	344	147	88	380	40	553	288	96	170
T[T>A]A	93	168	62	201	112	72	187	88	54	127	17	56	193	46	130
T[T>A]C	28	55	23	44	40	14	125	30	23	56	5	7	129	21	19
T[T>A]G	16	39	19	28	34	11	102	27	11	51	6	16	82	15	25
T[T>A]T	69	189	69	164	151	86	266	127	52	182	13	53	207	56	121
T[T>C]A	90	139	57	170	117	36	249	84	43	101	9	41	200	51	116
T[T>C]C	50	146	50	134	66	60	214	59	33	67	17	32	167	40	89
T[T>C]G	31	54	26	88	47	27	132	61	23	54	6	19	99	21	56
T[T>C]T	121	205	99	211	161	85	295	113	64	133	20	53	224	63	163
T[T>G]A	25	93	29	43	49	17	114	36	17	66	4	18	120	18	42
T[T>G]C	16	40	14	35	26	15	90	25	11	21	3	17	46	16	25
T[T>G]G	29	45	11	55	49	15	157	25	15	59	1	20	110	14	41
T[T>G]T	76	220	48	129	139	81	192	116	55	132	16	35	177	68	155
